ax,ay,sin2_mean,sin2_std,condG,condA,min_angle_deg,min_area,min_star,ok
2.4,0.72,1.811047544e-10,1.254419235e-13,5521668844,1.570589302e+12,0.8776507562,0.00143403526,1e-12,16
2.4,0.74,1.814709865e-10,1.215931467e-13,5510525225,1.553040048e+12,0.9020229199,0.001473869573,1e-12,16
2.4,0.76,1.818117728e-10,1.180415222e-13,5500196196,1.536684077e+12,0.9263945064,0.001513703885,1e-12,16
2.4,0.78,1.821293439e-10,1.147720614e-13,5490605609,1.52141756e+12,0.9507655003,0.001553538198,1e-12,16
2.4,0.8,1.824256981e-10,1.117710318e-13,5481685892,1.507147668e+12,0.9751358859,0.001593372511,1e-12,16
2.4,0.82,1.827026294e-10,1.090258539e-13,5473376926,1.493791203e+12,0.9995056476,0.001633206824,1e-12,16
2.4,0.84,0.02191164419,0.038187795,4099398578,1.481273425e+12,1.02387477,0.001673041136,1e-12,16
2.45,0.72,1.771278691e-10,1.25846593e-13,5645641817,1.617665902e+12,0.859744318,0.001463910994,1e-12,16
2.45,0.74,1.774990304e-10,1.21930805e-13,5633836252,1.598803771e+12,0.8836195018,0.001504575189,1e-12,16
2.45,0.76,1.778445271e-10,1.183058256e-13,5622891291,1.581544726e+12,0.9074941432,0.001545239383,1e-12,16
2.45,0.78,1.781665963e-10,1.149568989e-13,5612726724,1.565430724e+12,0.9313682273,0.001585903577,1e-12,16
2.45,0.8,1.784672436e-10,1.118704799e-13,5603271348,1.550364519e+12,0.9552417396,0.001626567772,1e-12,16
2.45,0.82,1.787482709e-10,1.090341366e-13,5594461793,1.536258929e+12,0.9791146655,0.001667231966,1e-12,16
2.45,0.84,1.790112995e-10,1.064364608e-13,5586241516,1.523035606e+12,1.00298699,0.00170789616,1e-12,16
2.5,0.72,1.733065917e-10,1.262779775e-13,5770124039,1.66841295e+12,0.8425538579,0.001493786729,1e-12,16
2.5,0.74,1.736825446e-10,1.223037241e-13,5757633839,1.645281728e+12,0.8659519172,0.001535280805,1e-12,16
2.5,0.76,1.740326275e-10,1.18614243e-13,5746051639,1.627093428e+12,0.8893494658,0.001576774881,1e-12,16
2.5,0.78,1.743590826e-10,1.151950225e-13,5735293060,1.610107104e+12,0.91274649,0.001618268956,1e-12,16
2.5,0.8,1.746639217e-10,1.120327179e-13,5725283171,1.594221005e+12,0.936142976,0.001659763032,1e-12,16
2.5,0.82,1.74948953e-10,1.09115059e-13,5715955264,1.579343881e+12,0.95953891,0.001701257108,1e-12,16
2.5,0.84,1.752158052e-10,1.06430765e-13,5707249798,1.565393704e+12,0.9829342782,0.001742751184,1e-12,16
2.55,0.72,1.696316562e-10,1.267287298e-13,5895129366,1.721071144e+12,0.8260372808,0.001523662464,1e-12,16
2.55,0.74,1.700122635e-10,1.227036956e-13,5881931692,1.694674346e+12,0.8489769046,0.001565986421,1e-12,16
2.55,0.76,1.703668086e-10,1.189576694e-13,5869690792,1.673335797e+12,0.8719160472,0.001608310378,1e-12,16
2.55,0.78,1.706975373e-10,1.154763913e-13,5858318013,1.655452313e+12,0.8948546956,0.001650634335,1e-12,16
2.55,0.8,1.710064663e-10,1.122467279e-13,5847734605,1.638722728e+12,0.9177928369,0.001692958293,1e-12,16
2.55,0.82,1.712954095e-10,1.092565823e-13,5837870433,1.623051642e+12,0.940730458,0.00173528225,1e-12,16
2.55,0.84,1.715660017e-10,1.064948134e-13,5828662878,1.608353274e+12,0.9636675459,0.001777606207,1e-12,16
2.6,0.72,1.660948245e-10,1.27192847e-13,6020660724,1.775629788e+12,0.8101557277,0.001553538198,1e-12,16
2.6,0.74,1.664799502e-10,1.231239512e-13,6006732618,1.746827702e+12,0.8326545286,0.001596692037,1e-12,16
2.6,0.76,1.668388342e-10,1.193285427e-13,5993811431,1.721309057e+12,0.8551528755,0.001639845876,1e-12,16
2.6,0.78,1.671737249e-10,1.157926178e-13,5981804140,1.701471743e+12,0.8776507562,0.001682999715,1e-12,16
2.6,0.8,1.674866426e-10,1.12503262e-13,5970628080,1.683875075e+12,0.9001481583,0.001726153553,1e-12,16
2.6,0.82,1.677794058e-10,1.094485614e-13,5960209604,1.667387588e+12,0.9226450698,0.001769307392,1e-12,16
2.6,0.84,1.680536543e-10,1.066175254e-13,5950482935,1.651919673e+12,0.9451414782,0.001812461231,1e-12,16
2.65,0.72,1.62688376e-10,1.276651854e-13,6146724434,1.831167052e+12,0.7948732707,0.001583413933,1e-12,16
2.65,0.74,1.630778851e-10,1.235586718e-13,6132042819,1.800564732e+12,0.8169478657,0.001627397653,1e-12,16
2.65,0.76,1.634409856e-10,1.197203456e-13,6118419641,1.772726488e+12,0.8390220319,0.001671381373,1e-12,16
2.65,0.78,1.637799272e-10,1.161364602e-13,6105757403,1.748409874e+12,0.8610957577,0.001715365094,1e-12,16
2.65,0.8,1.640967326e-10,1.127943247e-13,6093969432,1.729683234e+12,0.8831690316,0.001759348814,1e-12,16
2.65,0.82,1.643932241e-10,1.096822158e-13,6082978485,1.712356901e+12,0.9052418421,0.001803332534,1e-12,16
2.65,0.84,1.646710457e-10,1.067893021e-13,6072715554,1.696098069e+12,0.9273141774,0.001847316255,1e-12,16
2.7,0.72,1.594051612e-10,1.281414015e-13,6273326651,1.887846082e+12,0.7801566415,0.001613289667,1e-12,16
2.7,0.74,1.597989199e-10,1.240029129e-13,6257868344,1.855688405e+12,0.8018227258,0.001658103269,1e-12,16
2.7,0.76,1.601661154e-10,1.201275144e-13,6243521358,1.825668096e+12,0.8234884046,0.001702916871,1e-12,16
2.7,0.78,1.605089974e-10,1.165017146e-13,6230183622,1.798756331e+12,0.845153667,0.001747730473,1e-12,16
2.7,0.8,1.608295901e-10,1.131130478e-13,6217764366,1.776152194e+12,0.8668185022,0.001792544075,1e-12,16
2.7,0.82,1.611297184e-10,1.099499863e-13,6206182667,1.757964569e+12,0.8884828992,0.001837357677,1e-12,16
2.7,0.84,1.614110298e-10,1.07001865e-13,6195366205,1.740893446e+12,0.910146847,0.001882171278,1e-12,16
2.75,0.72,1.562385499e-10,1.28617835e-13,6400473369,1.947627627e+12,0.7659749903,0.001643165402,1e-12,16
2.75,0.74,1.566364255e-10,1.244524767e-13,6384215092,1.911715306e+12,0.787247404,0.001688808885,1e-12,16
2.75,0.76,1.570075954e-10,1.205453e-13,6369122379,1.880400579e+12,0.8085194339,0.001734452369,1e-12,16
2.75,0.78,1.573543081e-10,1.168830633e-13,6355088488,1.851243738e+12,0.8297910698,0.001780095852,1e-12,16
2.75,0.8,1.576785882e-10,1.134535256e-13,6342018463,1.825221326e+12,0.8510623013,0.001825739335,1e-12,16
2.75,0.82,1.579822623e-10,1.102453571e-13,6329827618,1.8042154e+12,0.872333118,0.001871382819,1e-12,16
2.75,0.84,1.582669805e-10,1.072480641e-13,6318440245,1.786310608e+12,0.8936035096,0.001917026302,1e-12,16
2.8,0.72,1.531823844e-10,1.290914114e-13,6528170419,2.011358763e+12,0.7522996695,0.001673041136,1e-12,16
2.8,0.74,1.535842455e-10,1.249038056e-13,6511088807,1.969479329e+12,0.7731924587,0.001719514501,1e-12,16
2.8,0.76,1.539592702e-10,1.209696513e-13,6495228354,1.936011116e+12,0.7940848845,0.001765987866,1e-12,16
2.8,0.78,1.543097047e-10,1.172759484e-13,6480477555,1.905288614e+12,0.8149769369,0.001812461231,1e-12,16
2.8,0.8,1.54637573e-10,1.138106774e-13,6466737175,1.877077379e+12,0.8358686062,0.001858934596,1e-12,16
2.8,0.82,1.549447022e-10,1.105627067e-13,6453918687,1.851924104e+12,0.8567598826,0.001905407961,1e-12,16
2.8,0.84,1.552327445e-10,1.075217165e-13,6441942921,1.832354185e+12,0.8776507562,0.001951881326,1e-12,16
